,Adj Close,Adj Close,Close,Close,High,High,Low,Low,Open,Open,Volume,Volume
,BCE.TO,CNQ.TO,BCE.TO,CNQ.TO,BCE.TO,CNQ.TO,BCE.TO,CNQ.TO,BCE.TO,CNQ.TO,BCE.TO,CNQ.TO
Date,,,,,,,,,,,,
2019-09-27,60.46571350097656,32.49857711791992,64.08999633789062,35.290000915527344,64.3499984741211,35.68000030517578,63.849998474121094,34.91999816894531,64.29000091552734,35.099998474121094,1893600,2448800
2019-09-30,60.45628356933594,32.46174240112305,64.08000183105469,35.25,64.44000244140625,35.689998626708984,63.95000076293945,35.06999969482422,64.0,35.08000183105469,1321500,3750400
2019-10-01,60.5223274230957,31.40270233154297,64.1500015258789,34.099998474121094,64.47000122070312,35.68000030517578,63.900001525878906,33.95000076293945,63.900001525878906,35.38999938964844,1873700,3376900
2019-10-02,60.39024353027344,30.94225311279297,64.01000213623047,33.599998474121094,64.23999786376953,33.939998626708984,63.560001373291016,33.29999923706055,64.08999633789062,33.75,2399900,3637000
2019-10-03,60.692142486572266,31.034343719482422,64.33000183105469,33.70000076293945,64.45999908447266,34.040000915527344,64.01000213623047,32.970001220703125,64.1500015258789,33.36000061035156,3220000,4736300
2019-10-04,61.09782791137695,31.375080108642578,64.76000213623047,34.06999969482422,64.77999877929688,34.13999938964844,64.16000366210938,33.47999954223633,64.20999908447266,33.84000015258789,2783800,3515300
2019-10-07,60.861961364746094,31.467166900634766,64.51000213623047,34.16999816894531,64.83000183105469,34.63999938964844,64.4000015258789,33.869998931884766,64.5999984741211,34.13999938964844,1520800,1680900
2019-10-08,60.89970397949219,30.177907943725586,64.55000305175781,32.77000045776367,64.80000305175781,33.720001220703125,64.2699966430664,32.75,64.41000366210938,33.58000183105469,1284600,4419600
2019-10-09,61.0883903503418,29.993728637695312,64.75,32.56999969482422,64.83999633789062,33.15999984741211,64.30999755859375,32.2599983215332,64.56999969482422,33.09000015258789,1386300,5065100
2019-10-10,61.380859375,30.45417594909668,65.05999755859375,33.06999969482422,65.44999694824219,33.130001068115234,64.6500015258789,32.52000045776367,64.6500015258789,32.709999084472656,1509600,2781000
2019-10-11,60.88083267211914,30.923839569091797,64.52999877929688,33.58000183105469,65.43000030517578,33.7400016784668,64.5,33.2599983215332,65.0,33.34000015258789,1489400,1597300
2019-10-15,61.069522857666016,30.776491165161133,64.7300033569336,33.41999816894531,65.0,34.08000183105469,64.51000213623047,33.18000030517578,65.0,33.5099983215332,1345500,2243100
2019-10-16,60.96574401855469,30.45417594909668,64.62000274658203,33.06999969482422,65.05000305175781,33.720001220703125,64.47000122070312,32.939998626708984,64.9000015258789,33.41999816894531,1024100,1608300
2019-10-17,60.57892608642578,30.748865127563477,64.20999908447266,33.38999938964844,64.6500015258789,33.459999084472656,64.0199966430664,32.86000061035156,64.55000305175781,33.13999938964844,950000,1696700
2019-10-18,60.48458480834961,30.564685821533203,64.11000061035156,33.189998626708984,64.37000274658203,33.959999084472656,64.02999877929688,33.130001068115234,64.33999633789062,33.720001220703125,740300,1643500
2019-10-21,60.62610626220703,30.822540283203125,64.26000213623047,33.470001220703125,64.4800033569336,33.619998931884766,63.95000076293945,33.0099983215332,64.11000061035156,33.0099983215332,954200,1813100
2019-10-22,60.295894622802734,30.98830223083496,63.90999984741211,33.650001525878906,64.4000015258789,34.29999923706055,63.900001525878906,33.06999969482422,64.38999938964844,33.54999923706055,1202400,3450100
2019-10-23,57.607059478759766,31.144853591918945,61.060001373291016,33.81999969482422,63.7400016784668,34.11000061035156,61.040000915527344,33.099998474121094,63.54999923706055,33.400001525878906,2881800,1809700
2019-10-24,57.55045700073242,30.85016632080078,61.0,33.5,61.7400016784668,34.04999923706055,60.779998779296875,33.25,61.400001525878906,33.83000183105469,1868700,1529900
2019-10-25,57.46554183959961,31.32903289794922,60.90999984741211,34.02000045776367,61.38999938964844,34.099998474121094,60.63999938964844,33.09000015258789,61.119998931884766,33.40999984741211,1061200,1619500
2019-10-28,58.08822250366211,31.061973571777344,61.56999969482422,33.72999954223633,61.61000061035156,34.36000061035156,60.95000076293945,33.72999954223633,61.099998474121094,34.11000061035156,2796300,2167400
2019-10-29,58.51277160644531,31.467166900634766,62.02000045776367,34.16999816894531,62.16999816894531,34.5,61.36000061035156,33.369998931884766,61.380001068115234,33.5099983215332,1400400,2013900
2019-10-30,59.19205856323242,30.88700294494629,62.7400016784668,33.540000915527344,62.95000076293945,34.29999923706055,62.15999984741211,33.38999938964844,62.2400016784668,34.15999984741211,1329000,2181100
2019-10-31,58.94676208496094,30.58310317993164,62.47999954223633,33.209999084472656,63.619998931884766,33.43000030517578,62.0099983215332,32.70000076293945,63.5,33.41999816894531,1344500,2367200
2019-11-01,58.91845703125,31.38429069519043,62.45000076293945,34.08000183105469,62.939998626708984,34.130001068115234,62.06999969482422,33.459999084472656,62.90999984741211,33.5099983215332,3455300,3029500
2019-11-04,58.975067138671875,32.16705322265625,62.5099983215332,34.93000030517578,62.77000045776367,35.27000045776367,62.220001220703125,34.41999816894531,62.560001373291016,34.439998626708984,1715300,3251100
2019-11-05,59.09770965576172,32.09337615966797,62.63999938964844,34.849998474121094,62.849998474121094,35.349998474121094,61.90999984741211,34.72999954223633,62.529998779296875,35.220001220703125,1019700,1734800
2019-11-06,59.23923110961914,31.439538955688477,62.790000915527344,34.13999938964844,63.18000030517578,34.97999954223633,62.650001525878906,33.7400016784668,62.86000061035156,34.810001373291016,1841400,2665600
2019-11-07,59.72982406616211,34.054901123046875,63.310001373291016,36.97999954223633,63.38999938964844,37.040000915527344,62.77000045776367,34.970001220703125,63.150001525878906,35.15999984741211,847800,6644900
2019-11-08,59.63547897338867,34.018062591552734,63.209999084472656,36.939998626708984,63.38999938964844,37.09000015258789,63.029998779296875,36.13999938964844,63.279998779296875,36.13999938964844,829900,3454100
2019-11-11,60.229854583740234,33.972015380859375,63.84000015258789,36.88999938964844,63.849998474121094,36.90999984741211,63.119998931884766,36.29999923706055,63.2400016784668,36.52000045776367,737800,1443700
2019-11-12,60.41854476928711,34.1009407043457,64.04000091552734,37.029998779296875,64.05999755859375,37.380001068115234,63.72999954223633,36.59000015258789,63.9900016784668,36.810001373291016,1610700,5093500
2019-11-13,60.47514343261719,33.907554626464844,64.0999984741211,36.81999969482422,64.41000366210938,37.15999984741211,63.939998626708984,36.650001525878906,64.0,36.779998779296875,1177900,2846900
2019-11-14,60.51288986206055,33.79704666137695,64.13999938964844,36.70000076293945,64.29000091552734,37.2599983215332,63.90999984741211,36.5,64.16999816894531,36.849998474121094,1600100,3276500
2019-11-15,60.50345230102539,34.137779235839844,64.12999725341797,37.06999969482422,64.2699966430664,37.65999984741211,63.970001220703125,36.7599983215332,64.16999816894531,36.790000915527344,1272500,2044700
2019-11-18,60.77705383300781,34.285125732421875,64.41999816894531,37.22999954223633,64.66000366210938,37.279998779296875,64.1500015258789,36.52000045776367,64.1500015258789,36.9900016784668,1184000,2087300
2019-11-19,60.57892608642578,34.1009407043457,64.20999908447266,37.029998779296875,64.5,37.25,63.91999816894531,36.7599983215332,64.36000061035156,37.0099983215332,2583100,3977000
2019-11-20,60.305328369140625,34.404842376708984,63.91999816894531,37.36000061035156,64.31999969482422,37.720001220703125,63.529998779296875,36.650001525878906,64.29000091552734,37.0,3852200,5785600
2019-11-21,60.21097946166992,34.441680908203125,63.81999969482422,37.400001525878906,63.88999938964844,37.54999923706055,63.540000915527344,37.119998931884766,63.880001068115234,37.40999984741211,1821800,1777100
2019-11-22,59.99399185180664,34.266700744628906,63.59000015258789,37.209999084472656,63.959999084472656,37.7599983215332,63.5,37.09000015258789,63.959999084472656,37.5,1044000,1798400
2019-11-25,60.1355094909668,34.65348434448242,63.7400016784668,37.630001068115234,64.0,37.720001220703125,63.650001525878906,36.83000183105469,63.720001220703125,36.959999084472656,1565800,3681200
2019-11-26,60.003421783447266,34.1009407043457,63.599998474121094,37.029998779296875,63.7599983215332,37.65999984741211,63.310001373291016,36.88999938964844,63.709999084472656,37.619998931884766,1073100,2989800
2019-11-27,60.069461822509766,34.635066986083984,63.66999816894531,37.61000061035156,63.97999954223633,37.66999816894531,63.630001068115234,36.75,63.7400016784668,37.06999969482422,1467000,1733200
2019-11-28,60.239288330078125,34.671905517578125,63.849998474121094,37.650001525878906,63.959999084472656,37.849998474121094,63.70000076293945,37.47999954223633,63.79999923706055,37.5,319000,702900
2019-11-29,60.32419204711914,34.174617767333984,63.939998626708984,37.11000061035156,64.23999786376953,37.560001373291016,63.79999923706055,37.11000061035156,63.79999923706055,37.279998779296875,721600,1500200
2019-12-02,59.98455810546875,33.86151123046875,63.58000183105469,36.77000045776367,63.900001525878906,37.45000076293945,63.400001525878906,36.560001373291016,63.900001525878906,37.439998626708984,2742800,2908800
2019-12-03,59.946815490722656,33.345802307128906,63.540000915527344,36.209999084472656,63.7599983215332,36.720001220703125,63.349998474121094,35.90999984741211,63.400001525878906,36.5,1413100,3418700
2019-12-04,60.314762115478516,34.441680908203125,63.93000030517578,37.400001525878906,63.939998626708984,37.66999816894531,63.41999816894531,36.4900016784668,63.5,36.66999816894531,1407200,7428100
2019-12-05,60.40910720825195,33.99043655395508,64.02999877929688,36.90999984741211,64.19999694824219,37.75,63.720001220703125,36.849998474121094,63.90999984741211,37.599998474121094,2003100,11278000
2019-12-06,60.9185676574707,35.832237243652344,64.56999969482422,38.90999984741211,64.58000183105469,39.0,64.0199966430664,37.040000915527344,64.0199966430664,37.040000915527344,2201900,5038300
2019-12-09,60.805355072021484,36.007205963134766,64.44999694824219,39.099998474121094,64.79000091552734,39.310001373291016,64.2699966430664,38.38999938964844,64.63999938964844,38.52000045776367,1001500,3698800
2019-12-10,60.74875259399414,36.32799530029297,64.38999938964844,39.06999969482422,64.66999816894531,39.15999984741211,64.29000091552734,38.529998779296875,64.37999725341797,38.63999938964844,1920500,4133900
2019-12-11,60.88083267211914,36.14202880859375,64.52999877929688,38.869998931884766,64.91000366210938,39.40999984741211,64.36000061035156,38.84000015258789,64.41999816894531,39.04999923706055,2813900,5471500
2019-12-12,60.57892608642578,37.30430603027344,64.20999908447266,40.119998931884766,64.83000183105469,40.279998779296875,64.20999908447266,38.93000030517578,64.52999877929688,38.95000076293945,3437100,10132500
2019-12-13,59.88446044921875,37.26711654663086,62.689998626708984,40.08000183105469,63.31999969482422,40.72999954223633,61.810001373291016,39.849998474121094,63.31999969482422,40.33000183105469,2988300,8445800
2019-12-16,60.19013977050781,36.91378402709961,63.0099983215332,39.70000076293945,63.15999984741211,40.40999984741211,62.720001220703125,39.689998626708984,62.77000045776367,40.130001068115234,2044600,3999800
2019-12-17,58.757266998291016,37.70412826538086,61.5099983215332,40.54999923706055,62.38999938964844,40.59000015258789,61.5,39.779998779296875,62.38999938964844,39.83000183105469,3429800,3989500
2019-12-18,57.9453125,37.722721099853516,60.65999984741211,40.56999969482422,61.5099983215332,40.779998779296875,60.29999923706055,40.04999923706055,61.5099983215332,40.310001373291016,6368700,7488800
2019-12-19,58.145912170410156,38.643245697021484,60.869998931884766,41.560001373291016,61.02000045776367,41.72999954223633,60.41999816894531,40.310001373291016,60.65999984741211,40.439998626708984,3365000,5033700
2019-12-20,58.15546417236328,38.63394546508789,60.880001068115234,41.54999923706055,61.16999816894531,42.040000915527344,60.599998474121094,41.189998626708984,60.630001068115234,41.189998626708984,5027400,9964300
2019-12-23,58.13636016845703,38.866397857666016,60.86000061035156,41.79999923706055,61.060001373291016,41.95000076293945,60.630001068115234,41.439998626708984,60.900001525878906,41.439998626708984,1662400,2743900
2019-12-24,57.983524322509766,38.959381103515625,60.70000076293945,41.900001525878906,60.81999969482422,42.22999954223633,60.540000915527344,41.68000030517578,60.75,41.869998931884766,432200,844200
2019-12-27,57.89754867553711,38.98727798461914,60.61000061035156,41.93000030517578,60.630001068115234,42.349998474121094,60.2599983215332,41.66999816894531,60.5,42.119998931884766,950600,1323300
2019-12-30,57.63007736206055,39.02446746826172,60.33000183105469,41.970001220703125,60.529998779296875,42.400001525878906,60.220001220703125,41.84000015258789,60.43000030517578,41.959999084472656,1095400,2222300
2019-12-31,57.46768569946289,39.052364349365234,60.15999984741211,42.0,60.310001373291016,42.2400016784668,60.0099983215332,41.45000076293945,60.20000076293945,41.59000015258789,683100,1415900
2020-01-02,56.99006271362305,38.33639907836914,59.65999984741211,41.22999954223633,60.29999923706055,42.06999969482422,59.54999923706055,40.97999954223633,60.25,41.310001373291016,1472200,3057700
2020-01-03,57.02827835083008,38.65254211425781,59.70000076293945,41.56999969482422,59.79999923706055,42.56999969482422,59.279998779296875,41.349998474121094,59.5,42.04999923706055,1736800,3556700
2020-01-06,57.563209533691406,39.02446746826172,60.2599983215332,41.970001220703125,60.2599983215332,42.22999954223633,59.720001220703125,41.68000030517578,59.7400016784668,41.689998626708984,1791300,5194400
2020-01-07,57.77336883544922,38.9407844543457,60.47999954223633,41.880001068115234,60.65999984741211,42.02000045776367,60.13999938964844,41.36000061035156,60.349998474121094,41.959999084472656,1438500,2547700
2020-01-08,57.92620849609375,38.13184356689453,60.63999938964844,41.0099983215332,61.08000183105469,41.88999938964844,60.439998626708984,40.72999954223633,60.439998626708984,41.7599983215332,1517100,4463100
2020-01-09,57.59186935424805,39.015167236328125,60.290000915527344,41.959999084472656,60.97999954223633,42.0,60.290000915527344,40.63999938964844,60.83000183105469,40.880001068115234,1702500,4636700
2020-01-10,57.81157684326172,38.47587585449219,60.52000045776367,41.380001068115234,60.66999816894531,42.04999923706055,60.27000045776367,41.310001373291016,60.470001220703125,41.779998779296875,2624800,3410800
2020-01-13,58.19367218017578,38.46657180786133,60.91999816894531,41.369998931884766,61.0,41.529998779296875,60.5,40.790000915527344,60.619998931884766,41.290000915527344,1774500,3913400
2020-01-14,58.165016174316406,39.191837310791016,60.88999938964844,42.150001525878906,61.08000183105469,42.189998626708984,60.86000061035156,41.2400016784668,61.0,41.36000061035156,1099600,4058100
2020-01-15,58.37517547607422,38.65254211425781,61.11000061035156,41.56999969482422,61.47999954223633,41.97999954223633,60.900001525878906,41.43000030517578,61.0,41.869998931884766,1097500,2994300
2020-01-16,58.79548263549805,38.522369384765625,61.54999923706055,41.43000030517578,61.58000183105469,42.08000183105469,60.97999954223633,41.41999816894531,61.11000061035156,41.77000045776367,965000,2949400
2020-01-17,59.320865631103516,38.50376892089844,62.099998474121094,41.40999984741211,62.11000061035156,41.70000076293945,61.54999923706055,41.2599983215332,61.70000076293945,41.529998779296875,2017300,1449800
2020-01-20,59.177581787109375,38.50376892089844,61.95000076293945,41.40999984741211,62.18000030517578,41.56999969482422,61.84000015258789,41.349998474121094,61.849998474121094,41.380001068115234,445600,714600
2020-01-21,59.05339431762695,37.871490478515625,61.81999969482422,40.72999954223633,62.099998474121094,41.15999984741211,61.59000015258789,40.560001373291016,62.060001373291016,41.0099983215332,1711900,2186300
2020-01-22,59.4163932800293,37.722721099853516,62.20000076293945,40.56999969482422,62.459999084472656,40.900001525878906,61.70000076293945,40.18000030517578,61.81999969482422,40.4900016784668,1094400,2488600
2020-01-23,59.74117660522461,37.69483184814453,62.540000915527344,40.540000915527344,62.630001068115234,40.560001373291016,62.20000076293945,39.349998474121094,62.20000076293945,40.060001373291016,912000,3590500
2020-01-24,59.645652770996094,36.98816680908203,62.439998626708984,39.779998779296875,62.93000030517578,40.470001220703125,62.29999923706055,39.27000045776367,62.58000183105469,40.25,1084100,2998300
2020-01-27,59.88446044921875,35.881683349609375,62.689998626708984,38.59000015258789,62.84000015258789,39.25,62.25,38.5099983215332,62.279998779296875,38.75,1669400,3887100
2020-01-28,60.314327239990234,35.99325942993164,63.13999938964844,38.709999084472656,63.209999084472656,39.08000183105469,62.709999084472656,38.650001525878906,62.79999923706055,38.790000915527344,1007400,3072800
2020-01-29,59.95132827758789,35.97466278076172,62.7599983215332,38.689998626708984,63.38999938964844,39.16999816894531,62.720001220703125,38.65999984741211,63.25,38.95000076293945,930300,3651100
2020-01-30,60.008644104003906,36.058349609375,62.81999969482422,38.779998779296875,62.83000183105469,38.97999954223633,62.380001068115234,38.099998474121094,62.630001068115234,38.25,876100,4186500
2020-01-31,59.56923294067383,34.60783386230469,62.36000061035156,37.220001220703125,62.84000015258789,38.45000076293945,62.11000061035156,36.849998474121094,62.79999923706055,38.34000015258789,1873200,4798000
2020-02-03,59.54057693481445,34.775203704833984,62.33000183105469,37.400001525878906,62.869998931884766,37.63999938964844,62.33000183105469,36.95000076293945,62.68000030517578,37.459999084472656,1720800,3144700
2020-02-04,59.903564453125,35.314491271972656,62.709999084472656,37.97999954223633,62.90999984741211,38.83000183105469,62.43000030517578,37.91999816894531,62.58000183105469,38.13999938964844,1288200,4823300
2020-02-05,60.05640411376953,36.1141357421875,62.869998931884766,38.84000015258789,63.08000183105469,39.459999084472656,62.72999954223633,38.720001220703125,62.970001220703125,38.83000183105469,973800,6147100
2020-02-06,61.32688522338867,36.076942443847656,64.19999694824219,38.79999923706055,64.70999908447266,38.939998626708984,63.20000076293945,38.150001525878906,63.22999954223633,38.70000076293945,2364000,3699300
2020-02-07,61.34599304199219,35.853790283203125,64.22000122070312,38.560001373291016,64.33000183105469,38.970001220703125,64.01000213623047,38.18000030517578,64.19999694824219,38.41999816894531,1578000,2503700
2020-02-10,61.508384704589844,36.1141357421875,64.38999938964844,38.84000015258789,64.58000183105469,38.869998931884766,63.959999084472656,38.34000015258789,64.2699966430664,38.599998474121094,1531200,3231000
2020-02-11,61.36509704589844,36.24431228637695,64.23999786376953,38.97999954223633,64.68000030517578,39.619998931884766,64.13999938964844,38.849998474121094,64.54000091552734,39.25,1851500,5308600
2020-02-12,61.575252532958984,36.70922088623047,64.45999908447266,39.47999954223633,64.48999786376953,39.93000030517578,63.869998931884766,38.90999984741211,64.18000030517578,39.75,2217400,4498900
2020-02-13,61.27912902832031,36.20711898803711,64.1500015258789,38.939998626708984,64.33000183105469,39.220001220703125,63.91999816894531,38.79999923706055,64.30000305175781,39.209999084472656,2707800,1767000
2020-02-14,61.45106887817383,36.086246490478516,64.33000183105469,38.810001373291016,64.37000274658203,39.290000915527344,63.91999816894531,38.68000030517578,64.16999816894531,39.130001068115234,1768100,1326100
2020-02-18,62.2725830078125,36.36518859863281,65.19000244140625,39.11000061035156,65.27999877929688,39.189998626708984,64.19999694824219,38.40999984741211,64.33000183105469,38.43000030517578,3046300,5212300
2020-02-19,62.1579475402832,37.56465530395508,65.06999969482422,40.400001525878906,65.18000030517578,40.439998626708984,64.7699966430664,39.209999084472656,65.18000030517578,39.34000015258789,1880200,4063500
2020-02-20,61.9669075012207,37.611141204833984,64.87000274658203,40.45000076293945,65.16999816894531,40.650001525878906,64.79000091552734,40.11000061035156,64.95999908447266,40.5099983215332,2638500,3821200
2020-02-21,61.58480453491211,37.01605987548828,64.47000122070312,39.810001373291016,65.0199966430664,40.220001220703125,64.41000366210938,39.650001525878906,64.83999633789062,40.0,2692600,3115000
2020-02-24,61.04986572265625,35.333091735839844,63.90999984741211,38.0,64.36000061035156,38.58000183105469,63.54999923706055,37.720001220703125,63.65999984741211,38.41999816894531,1677200,3181600
2020-02-25,60.08506774902344,34.096431732177734,62.900001525878906,36.66999816894531,64.11000061035156,38.29999923706055,62.529998779296875,36.33000183105469,63.959999084472656,38.13999938964844,3091700,4980200
2020-02-26,59.722076416015625,33.25029373168945,62.52000045776367,35.7599983215332,63.2400016784668,37.20000076293945,62.36000061035156,35.75,62.56999969482422,36.849998474121094,2638300,4852400
2020-02-27,58.89101028442383,32.29258346557617,61.650001525878906,34.72999954223633,62.5,35.369998931884766,61.36000061035156,34.130001068115234,62.06999969482422,34.939998626708984,1439800,3838300
2020-02-28,56.31183624267578,32.125213623046875,58.95000076293945,34.54999923706055,60.90999984741211,34.630001068115234,58.880001068115234,32.880001068115234,60.5,33.119998931884766,11003300,8218200
2020-03-02,59.177581787109375,31.743989944458008,61.95000076293945,34.13999938964844,62.119998931884766,35.150001525878906,58.959999084472656,33.59000015258789,59.41999816894531,35.150001525878906,3885300,5966900
2020-03-03,59.062950134277344,30.82347297668457,61.83000183105469,33.150001525878906,62.63999938964844,34.5099983215332,61.54999923706055,33.040000915527344,62.4900016784668,34.400001525878906,6486900,7750800
2020-03-04,60.74418640136719,30.795578002929688,63.59000015258789,33.119998931884766,63.7599983215332,33.84000015258789,62.40999984741211,32.91999816894531,62.5,33.81999969482422,3315500,5659100
2020-03-05,59.8653564453125,30.29347801208496,62.66999816894531,32.58000183105469,63.900001525878906,33.2599983215332,62.2599983215332,32.25,62.66999816894531,32.790000915527344,2953100,8533900
2020-03-06,59.5978889465332,28.13629722595215,62.38999938964844,30.260000228881836,62.61000061035156,32.060001373291016,60.95000076293945,29.829999923706055,61.61000061035156,31.6299991607666,6220300,10804200
2020-03-09,54.96493911743164,19.92600440979004,57.540000915527344,21.43000030517578,61.36000061035156,24.200000762939453,56.900001525878906,19.049999237060547,58.0,21.5,8379100,13951100
2020-03-10,57.73515701293945,20.511789321899414,60.439998626708984,22.059999465942383,60.709999084472656,24.43000030517578,58.43000030517578,20.280000686645508,59.060001373291016,24.309999465942383,8787500,17741400
2020-03-11,55.423458099365234,19.303024291992188,58.02000045776367,20.760000228881836,59.81999969482422,21.610000610351562,57.63999938964844,19.950000762939453,59.43000030517578,21.540000915527344,4853200,17660200
2020-03-12,48.49790954589844,16.2346248626709,50.77000045776367,17.459999084472656,55.119998931884766,19.299999237060547,50.54999923706055,16.84000015258789,55.08000183105469,19.299999237060547,7925500,26044700
2020-03-13,54.21137619018555,18.456892013549805,55.81999969482422,19.850000381469727,56.529998779296875,19.920000076293945,51.02000045776367,17.559999465942383,52.25,19.450000762939453,11129100,15106800
2020-03-16,49.229209899902344,13.42657470703125,50.689998626708984,14.4399995803833,54.68000030517578,17.5,49.459999084472656,14.149999618530273,51.40999984741211,17.0,7954800,18268600
2020-03-17,52.21073913574219,12.050442695617676,53.7599983215332,12.960000038146973,55.9900016784668,14.880000114440918,51.15999984741211,12.8100004196167,51.84000015258789,14.829999923706055,5848600,16661400
2020-03-18,50.054718017578125,10.227999687194824,51.540000915527344,11.0,54.84000015258789,12.020000457763672,50.97999954223633,9.800000190734863,52.95000076293945,10.600000381469727,3616300,17820000
2020-03-19,53.02653121948242,10.832491874694824,54.599998474121094,11.199999809265137,54.79999923706055,11.569999694824219,50.88999938964844,10.5,51.79999923706055,11.489999771118164,3807300,16605000
2020-03-20,50.29751205444336,11.75131893157959,51.790000915527344,12.149999618530273,55.5,13.289999961853027,51.61000061035156,11.699999809265137,54.31999969482422,12.0,5784800,22362800
2020-03-23,45.101688385009766,11.770663261413574,46.439998626708984,12.170000076293945,51.689998626708984,12.449999809265137,46.029998779296875,11.520000457763672,51.11000061035156,11.979999542236328,6186200,13383800
2020-03-24,49.38459777832031,13.2407865524292,50.849998474121094,13.6899995803833,50.849998474121094,14.59000015258789,47.869998931884766,12.84000015258789,48.5,13.039999961853027,4654800,8821700
2020-03-25,51.987369537353516,13.801755905151367,53.529998779296875,14.270000457763672,55.5,15.289999961853027,50.16999816894531,13.0,51.0099983215332,13.859999656677246,5902800,11614700
2020-03-26,53.37615966796875,14.169285774230957,54.959999084472656,14.649999618530273,56.22999954223633,15.970000267028809,53.47999954223633,14.180000305175781,54.150001525878906,14.300000190734863,5075300,10808200
2020-03-27,52.13304901123047,12.882926940917969,53.68000030517578,13.319999694824219,55.119998931884766,14.069999694824219,53.119998931884766,12.90999984741211,53.5,14.0,4123300,7794600
2020-03-30,53.56068420410156,15.20417594909668,55.150001525878906,15.720000267028809,55.290000915527344,15.960000038146973,53.400001525878906,12.6899995803833,54.56999969482422,13.140000343322754,4849800,15520700
2020-03-31,56.06632995605469,18.618345260620117,57.72999954223633,19.25,57.72999954223633,19.540000915527344,54.630001068115234,16.420000076293945,55.29999923706055,16.43000030517578,4745000,22439500
2020-04-01,53.73550033569336,17.873611450195312,55.33000183105469,18.479999542236328,56.400001525878906,19.969999313354492,54.689998626708984,16.979999542236328,56.060001373291016,17.709999084472656,2548600,12897900
2020-04-02,55.73613357543945,19.179311752319336,57.38999938964844,19.829999923706055,57.45000076293945,22.799999237060547,55.0,18.719999313354492,55.0,20.3700008392334,3586700,25136000
2020-04-03,55.095149993896484,18.163768768310547,56.72999954223633,18.780000686645508,57.72999954223633,21.200000762939453,56.470001220703125,18.200000762939453,57.25,21.0,2397700,11112700
2020-04-06,55.872093200683594,18.434579849243164,57.529998779296875,19.059999465942383,58.59000015258789,19.440000534057617,56.900001525878906,18.399999618530273,58.0099983215332,19.1200008392334,2211300,12539100
2020-04-07,55.99835205078125,18.057376861572266,57.65999984741211,18.670000076293945,58.77000045776367,20.0,57.5099983215332,18.549999237060547,58.220001220703125,19.729999542236328,3113400,7346800
2020-04-08,55.60016632080078,18.521625518798828,57.25,19.149999618530273,57.880001068115234,19.15999984741211,56.790000915527344,18.350000381469727,57.63999938964844,18.829999923706055,3825100,9973300
2020-04-09,55.75555419921875,18.163768768310547,57.40999984741211,18.780000686645508,58.36000061035156,19.899999618530273,57.06999969482422,18.18000030517578,57.369998931884766,19.889999389648438,1725500,11728200
2020-04-13,56.32855224609375,18.028362274169922,58.0,18.639999389648438,58.02000045776367,19.31999969482422,56.68000030517578,18.31999969482422,57.119998931884766,19.1299991607666,2436600,8923000
2020-04-14,56.862701416015625,17.6414852142334,58.54999923706055,18.239999771118164,59.310001373291016,18.700000762939453,58.0099983215332,18.1299991607666,58.91999816894531,18.25,2447700,7660700
2020-04-15,56.357688903808594,16.664627075195312,58.029998779296875,17.229999542236328,58.9900016784668,17.5,57.58000183105469,16.549999237060547,58.150001525878906,17.5,3882300,7001800
2020-04-16,55.97892761230469,16.25840950012207,57.63999938964844,16.809999465942383,58.90999984741211,17.559999465942383,57.529998779296875,16.75,58.31999969482422,17.299999237060547,1548600,3899300
2020-04-17,56.79471969604492,18.125080108642578,58.47999954223633,18.739999771118164,58.66999816894531,18.84000015258789,57.4900016784668,16.780000686645508,58.459999084472656,17.06999969482422,1575200,9799600
2020-04-20,56.367401123046875,17.496408462524414,58.040000915527344,18.09000015258789,58.41999816894531,18.969999313354492,57.52000045776367,17.040000915527344,57.7599983215332,17.040000915527344,1762700,6115800
2020-04-21,55.05630111694336,17.02248764038086,56.689998626708984,17.600000381469727,57.599998474121094,17.989999771118164,56.650001525878906,17.0,57.56999969482422,17.25,2543000,6600600
2020-04-22,55.54189682006836,18.25081443786621,57.189998626708984,18.8700008392334,57.75,18.979999542236328,56.72999954223633,18.309999465942383,57.66999816894531,18.309999465942383,1362500,5804700
2020-04-23,54.803794860839844,18.753751754760742,56.43000030517578,19.389999389648438,57.290000915527344,20.190000534057617,56.31999969482422,19.270000457763672,57.0,19.309999465942383,1527400,7515800
2020-04-24,54.85235595703125,19.101940155029297,56.47999954223633,19.75,56.66999816894531,19.989999771118164,55.79999923706055,19.1299991607666,56.38999938964844,19.81999969482422,1805000,4527600
2020-04-27,55.376792907714844,19.03423500061035,57.02000045776367,19.68000030517578,57.029998779296875,19.899999618530273,56.380001068115234,18.770000457763672,56.900001525878906,19.350000381469727,1086800,4477800
2020-04-28,55.639015197753906,20.098142623901367,57.290000915527344,20.780000686645508,57.470001220703125,20.940000534057617,56.86000061035156,19.700000762939453,57.470001220703125,19.799999237060547,1205700,4252100
2020-04-29,55.668148040771484,23.367231369018555,57.31999969482422,24.15999984741211,58.119998931884766,24.329999923706055,57.02000045776367,21.75,57.779998779296875,22.0,2364300,8147400
2020-04-30,54.66783142089844,22.545124053955078,56.290000915527344,23.309999465942383,57.439998626708984,24.6200008392334,56.09000015258789,22.8799991607666,57.38999938964844,24.5,2101700,7339300
2020-05-01,54.00743103027344,21.133031845092773,55.61000061035156,21.850000381469727,56.38999938964844,22.950000762939453,55.61000061035156,21.329999923706055,55.939998626708984,22.75,1628600,5692900
2020-05-04,54.67754364013672,21.655309677124023,56.29999923706055,22.389999389648438,56.349998474121094,22.540000915527344,55.310001373291016,21.280000686645508,55.599998474121094,21.350000381469727,1243200,5058900
2020-05-05,54.891204833984375,21.490888595581055,56.52000045776367,22.219999313354492,57.02000045776367,23.959999084472656,56.310001373291016,22.1200008392334,56.68000030517578,23.850000381469727,1036800,5031700
2020-05-06,55.28938674926758,20.987953186035156,56.93000030517578,21.700000762939453,57.400001525878906,22.309999465942383,56.65999984741211,21.219999313354492,56.75,22.149999618530273,1170100,5667100
2020-05-07,54.91062545776367,20.891233444213867,56.540000915527344,21.600000381469727,57.58000183105469,22.600000381469727,56.439998626708984,21.399999618530273,57.54999923706055,22.549999237060547,1398000,5255400
2020-05-08,55.11457443237305,22.090545654296875,56.75,22.84000015258789,57.099998474121094,22.850000381469727,56.540000915527344,21.770000457763672,56.970001220703125,21.979999542236328,878200,4281000
2020-05-11,55.48362350463867,22.158248901367188,57.130001068115234,22.90999984741211,57.18000030517578,23.3700008392334,56.41999816894531,22.450000762939453,56.7400016784668,22.530000686645508,875600,5354100
2020-05-12,54.415321350097656,22.902982711791992,56.029998779296875,23.68000030517578,57.33000183105469,24.43000030517578,56.0,23.25,57.209999084472656,23.350000381469727,1747300,8933600
2020-05-13,53.07509231567383,21.9357967376709,54.650001525878906,22.68000030517578,56.029998779296875,23.700000762939453,54.47999954223633,22.520000457763672,56.0,23.6200008392334,1632600,9017400
2020-05-14,53.55097198486328,22.380701065063477,55.13999938964844,23.139999389648438,55.4900016784668,23.360000610351562,53.25,21.719999313354492,54.349998474121094,22.399999618530273,2276200,7681400
2020-05-15,53.31789016723633,23.202810287475586,54.900001525878906,23.989999771118164,55.31999969482422,24.15999984741211,54.540000915527344,23.049999237060547,55.02000045776367,23.190000534057617,3242000,6796800
2020-05-19,53.72578430175781,24.237701416015625,55.31999969482422,25.059999465942383,55.66999816894531,27.040000915527344,54.61000061035156,25.0,55.09000015258789,26.110000610351562,3238300,10590300
2020-05-20,53.44414138793945,24.972761154174805,55.029998779296875,25.81999969482422,55.849998474121094,26.420000076293945,55.0099983215332,25.5,55.849998474121094,25.780000686645508,2044400,6293300
2020-05-21,52.82258605957031,24.827682495117188,54.38999938964844,25.670000076293945,55.11000061035156,26.31999969482422,54.349998474121094,25.15999984741211,55.029998779296875,26.1299991607666,2153700,7089400
2020-05-22,53.04595947265625,24.518184661865234,54.619998931884766,25.350000381469727,54.83000183105469,25.610000610351562,54.189998626708984,24.889999389648438,54.4900016784668,25.440000534057617,1843700,6665600
2020-05-25,53.502410888671875,24.27638816833496,55.09000015258789,25.100000381469727,55.34000015258789,25.690000534057617,54.869998931884766,25.059999465942383,55.099998474121094,25.360000610351562,416900,994100
2020-05-26,54.1142578125,24.39244842529297,55.720001220703125,25.219999313354492,56.130001068115234,26.1200008392334,55.11000061035156,25.100000381469727,55.220001220703125,26.0,2161200,7576600
2020-05-27,54.72610092163086,24.585886001586914,56.349998474121094,25.420000076293945,56.38999938964844,25.56999969482422,55.63999938964844,24.559999465942383,56.2400016784668,25.420000076293945,2110100,6450700
2020-05-28,55.35737228393555,24.38277816772461,57.0,25.209999084472656,57.099998474121094,25.440000534057617,56.290000915527344,24.6299991607666,56.5099983215332,25.329999923706055,2443500,7189300
2020-05-29,55.58074188232422,24.32474708557129,57.22999954223633,25.149999618530273,57.31999969482422,25.43000030517578,56.54999923706055,24.6200008392334,56.689998626708984,25.059999465942383,6304100,6479400
2020-06-01,55.464202880859375,24.866371154785156,57.11000061035156,25.709999084472656,57.619998931884766,25.84000015258789,56.939998626708984,24.549999237060547,57.0,24.8799991607666,1419000,21601600
2020-06-02,56.008060455322266,26.16240119934082,57.66999816894531,27.049999237060547,57.66999816894531,27.100000381469727,57.029998779296875,25.93000030517578,57.29999923706055,26.010000228881836,1383200,6382300
2020-06-03,56.872413635253906,26.297807693481445,58.560001373291016,27.190000534057617,58.66999816894531,27.860000610351562,57.86000061035156,26.709999084472656,58.0,27.790000915527344,2214900,21684300
2020-06-04,57.16376876831055,26.510589599609375,58.86000061035156,27.40999984741211,58.880001068115234,27.850000381469727,58.130001068115234,26.709999084472656,58.34000015258789,27.040000915527344,1809700,13412400
2020-06-05,57.78532409667969,27.913009643554688,59.5,28.860000610351562,60.02000045776367,29.3700008392334,59.209999084472656,28.75,59.41999816894531,28.799999237060547,2694000,9045600
2020-06-08,58.04754638671875,28.290212631225586,59.77000045776367,29.25,60.13999938964844,30.100000381469727,59.209999084472656,28.649999618530273,60.13999938964844,30.079999923706055,1772400,16357100
2020-06-09,57.513397216796875,27.506792068481445,59.220001220703125,28.440000534057617,59.70000076293945,29.049999237060547,58.7400016784668,28.100000381469727,59.52000045776367,28.600000381469727,4858100,7312300
2020-06-10,57.639644622802734,26.25912094116211,59.349998474121094,27.149999618530273,59.54999923706055,28.299999237060547,58.97999954223633,27.1200008392334,59.2400016784668,28.25,2722200,36099000
2020-06-11,56.1828727722168,23.827266693115234,57.849998474121094,24.25,58.90999984741211,26.020000457763672,57.709999084472656,24.209999084472656,58.810001373291016,25.3700008392334,8749600,11195300
2020-06-12,56.451881408691406,23.91569709777832,57.290000915527344,24.34000015258789,57.7400016784668,25.190000534057617,56.70000076293945,23.829999923706055,57.7400016784668,25.079999923706055,8345400,15992600
2020-06-15,55.79167938232422,23.473541259765625,56.619998931884766,23.889999389648438,57.31999969482422,24.40999984741211,56.16999816894531,23.079999923706055,56.38999938964844,23.299999237060547,2824600,14087500
2020-06-16,57.092369079589844,23.8469181060791,57.939998626708984,24.270000457763672,58.41999816894531,25.329999923706055,57.470001220703125,24.06999969482422,57.63999938964844,25.0,4743000,12162100
2020-06-17,56.51100158691406,22.982257843017578,57.349998474121094,23.389999389648438,58.209999084472656,24.34000015258789,57.2400016784668,23.280000686645508,58.02000045776367,24.280000686645508,2458500,14289500
2020-06-18,56.82632064819336,23.031387329101562,57.66999816894531,23.440000534057617,57.880001068115234,23.829999923706055,56.790000915527344,23.049999237060547,57.310001373291016,23.219999313354492,3823600,5037400
2020-06-19,57.11207580566406,22.923303604125977,57.959999084472656,23.329999923706055,58.189998626708984,24.059999465942383,57.70000076293945,23.25,58.02000045776367,23.920000076293945,8311200,16129300
2020-06-22,56.481441497802734,23.080514907836914,57.31999969482422,23.489999771118164,57.900001525878906,23.6200008392334,57.220001220703125,22.899999618530273,57.709999084472656,23.399999618530273,4221700,13980800
2020-06-23,56.24495315551758,23.71918296813965,57.08000183105469,24.139999389648438,57.72999954223633,24.350000381469727,56.869998931884766,23.6299991607666,57.54999923706055,23.8799991607666,1383200,8311300
2020-06-24,55.693145751953125,23.011734008789062,56.52000045776367,23.420000076293945,57.02000045776367,24.1200008392334,55.91999816894531,23.239999771118164,57.02000045776367,23.950000762939453,1403900,6738200
2020-06-25,56.0872917175293,23.198423385620117,56.91999816894531,23.610000610351562,56.97999954223633,24.18000030517578,55.869998931884766,23.170000076293945,56.25,23.200000762939453,1835500,6723800
2020-06-26,54.98367691040039,22.972431182861328,55.79999923706055,23.3799991607666,57.06999969482422,23.549999237060547,55.790000915527344,22.8799991607666,56.849998474121094,23.440000534057617,2462100,5593800
2020-06-29,55.92963409423828,23.414587020874023,56.7599983215332,23.829999923706055,57.029998779296875,24.139999389648438,56.0,23.239999771118164,56.0,23.389999389648438,3009400,9467500
2020-06-30,55.79167938232422,23.139467239379883,56.619998931884766,23.549999237060547,57.15999984741211,23.860000610351562,56.40999984741211,23.139999389648438,56.939998626708984,23.799999237060547,2279500,6190200
2020-07-02,55.57490158081055,23.64057731628418,56.400001525878906,24.059999465942383,57.619998931884766,24.700000762939453,56.400001525878906,23.950000762939453,56.63999938964844,24.170000076293945,2613300,6739400
2020-07-03,55.73256301879883,23.7290096282959,56.560001373291016,24.149999618530273,57.06999969482422,24.200000762939453,56.290000915527344,23.709999084472656,56.29999923706055,24.0,470100,884400
2020-07-06,55.29899597167969,23.021560668945312,56.119998931884766,23.43000030517578,56.95000076293945,24.440000534057617,55.9900016784668,23.25,56.880001068115234,24.25,2352100,10679400
2020-07-07,54.80630874633789,22.520450592041016,55.619998931884766,22.920000076293945,56.34000015258789,23.420000076293945,55.58000183105469,22.899999618530273,55.849998474121094,23.309999465942383,1625600,3029000
2020-07-08,54.44172286987305,22.206029891967773,55.25,22.600000381469727,55.66999816894531,23.489999771118164,54.880001068115234,22.56999969482422,55.560001373291016,23.020000457763672,1613100,3699700
2020-07-09,54.037723541259766,21.636140823364258,54.84000015258789,22.020000457763672,55.27000045776367,23.040000915527344,54.33000183105469,22.0,55.27000045776367,22.549999237060547,1537800,3683500
2020-07-10,54.34318923950195,22.5106258392334,55.150001525878906,22.90999984741211,55.43000030517578,22.959999084472656,54.84000015258789,22.010000228881836,54.84000015258789,22.049999237060547,1468200,5148400
2020-07-13,55.05265426635742,22.648183822631836,55.869998931884766,23.049999237060547,56.13999938964844,23.43000030517578,55.09000015258789,22.639999389648438,55.2400016784668,22.989999771118164,1929700,7331500
2020-07-14,55.15119171142578,23.51284408569336,55.970001220703125,23.93000030517578,56.59000015258789,24.149999618530273,55.849998474121094,22.899999618530273,55.849998474121094,23.149999618530273,2237500,4679200
2020-07-15,55.525630950927734,23.896045684814453,56.349998474121094,24.31999969482422,56.88999938964844,24.75,56.06999969482422,24.18000030517578,56.11000061035156,24.34000015258789,2331600,4452300
2020-07-16,56.382904052734375,23.463714599609375,57.220001220703125,23.8799991607666,57.29999923706055,24.3799991607666,56.349998474121094,23.729999542236328,56.349998474121094,24.079999923706055,1631800,3831400
2020-07-17,56.737640380859375,23.139467239379883,57.58000183105469,23.549999237060547,57.70000076293945,24.239999771118164,56.95000076293945,23.3700008392334,57.189998626708984,23.8799991607666,1957600,4966500
2020-07-20,55.870513916015625,22.70713996887207,56.70000076293945,23.110000610351562,57.540000915527344,23.889999389648438,56.56999969482422,23.020000457763672,57.380001068115234,23.479999542236328,875000,5352800
2020-07-21,55.604461669921875,25.08495330810547,56.43000030517578,25.530000686645508,56.97999954223633,25.639999389648438,56.31999969482422,23.56999969482422,56.77000045776367,23.600000381469727,920400,5485000
2020-07-22,55.07236099243164,24.73122787475586,55.88999938964844,25.170000076293945,56.29999923706055,25.350000381469727,55.560001373291016,24.549999237060547,56.25,25.149999618530273,1256800,3423000
2020-07-23,54.993534088134766,23.85674285888672,55.810001373291016,24.280000686645508,56.25,25.229999542236328,55.7599983215332,24.1299991607666,55.88999938964844,25.020000457763672,1056800,3083100
2020-07-24,55.06250762939453,23.964824676513672,55.880001068115234,24.389999389648438,56.11000061035156,24.770000457763672,55.650001525878906,24.079999923706055,55.68000030517578,24.299999237060547,1153800,3144600
2020-07-27,55.230018615722656,24.65262222290039,56.04999923706055,25.09000015258789,56.04999923706055,25.139999389648438,55.380001068115234,23.93000030517578,55.88999938964844,24.420000076293945,660900,2292200
2020-07-28,55.436946868896484,23.83709144592285,56.2599983215332,24.260000228881836,56.459999084472656,25.09000015258789,55.959999084472656,24.219999313354492,56.119998931884766,24.950000762939453,1082700,3563800
2020-07-29,55.37782669067383,24.367677688598633,56.20000076293945,24.799999237060547,56.349998474121094,24.84000015258789,55.560001373291016,24.139999389648438,56.29999923706055,24.350000381469727,1077000,2097700
2020-07-30,55.74241256713867,23.660228729248047,56.56999969482422,24.079999923706055,56.56999969482422,24.3799991607666,55.68000030517578,23.68000030517578,55.93000030517578,24.309999465942383,1011400,3444800
2020-07-31,55.33841323852539,23.21807289123535,56.15999984741211,23.6299991607666,56.560001373291016,24.200000762939453,55.689998626708984,23.489999771118164,56.33000183105469,23.850000381469727,1197600,2432300
2020-08-04,56.04787826538086,23.945175170898438,56.880001068115234,24.3700008392334,57.459999084472656,24.639999389648438,56.279998779296875,23.709999084472656,56.279998779296875,23.709999084472656,1381600,2961300
2020-08-05,55.55519485473633,24.593669891357422,56.380001068115234,25.030000686645508,57.08000183105469,25.649999618530273,56.25,24.600000381469727,57.0099983215332,25.0,1055100,3727900
2020-08-06,56.23509979248047,25.310943603515625,57.06999969482422,25.760000228881836,57.20000076293945,26.020000457763672,56.20000076293945,24.829999923706055,56.2400016784668,24.989999771118164,1314900,3828400
2020-08-07,55.90007400512695,26.2640323638916,56.72999954223633,26.729999542236328,57.25,26.729999542236328,56.630001068115234,25.450000762939453,56.7400016784668,25.559999465942383,1051400,5429200
2020-08-10,56.018314361572266,26.637409210205078,56.849998474121094,27.110000610351562,56.90999984741211,27.25,56.2599983215332,26.219999313354492,56.689998626708984,26.940000534057617,1237000,5528000
2020-08-11,56.392757415771484,26.814271926879883,57.22999954223633,27.290000915527344,57.4900016784668,28.200000762939453,56.790000915527344,27.290000915527344,56.790000915527344,27.579999923706055,1245300,7234600
2020-08-12,56.43217468261719,26.558805465698242,57.27000045776367,27.030000686645508,57.709999084472656,27.959999084472656,57.11000061035156,26.770000457763672,57.279998779296875,27.860000610351562,2869900,5207800
2020-08-13,55.890220642089844,26.36229133605957,56.720001220703125,26.829999923706055,57.119998931884766,27.1299991607666,56.650001525878906,26.510000228881836,57.04999923706055,26.850000381469727,1505500,2599800
2020-08-14,55.92963409423828,26.558805465698242,56.7599983215332,27.030000686645508,57.060001373291016,27.040000915527344,56.43000030517578,26.469999313354492,56.650001525878906,26.530000686645508,2090300,1679000
2020-08-17,55.614315032958984,26.30333709716797,56.439998626708984,26.770000457763672,56.650001525878906,27.09000015258789,56.27000045776367,26.459999084472656,56.650001525878906,26.959999084472656,2545600,3723900
2020-08-18,56.07743835449219,25.99873924255371,56.90999984741211,26.459999084472656,56.90999984741211,26.969999313354492,56.349998474121094,26.31999969482422,56.439998626708984,26.639999389648438,1403100,3556600
2020-08-19,56.22524642944336,25.841529846191406,57.060001373291016,26.299999237060547,57.36000061035156,26.59000015258789,56.7400016784668,26.06999969482422,56.7599983215332,26.389999389648438,3370800,6327600
2020-08-20,56.40261459350586,25.625364303588867,57.2400016784668,26.079999923706055,57.31999969482422,26.40999984741211,56.84000015258789,25.799999237060547,56.939998626708984,26.0,2190700,4135300
2020-08-21,56.71792984008789,25.104602813720703,57.560001373291016,25.549999237060547,57.560001373291016,26.209999084472656,56.83000183105469,25.3799991607666,57.2400016784668,25.969999313354492,2053300,4295000
2020-08-24,56.85588455200195,26.205080032348633,57.70000076293945,26.670000076293945,57.880001068115234,26.770000457763672,57.400001525878906,25.65999984741211,57.54999923706055,25.700000762939453,1618800,4587200
2020-08-25,56.9051513671875,26.322988510131836,57.75,26.790000915527344,57.75,27.09000015258789,57.31999969482422,26.530000686645508,57.689998626708984,26.959999084472656,1704700,4708100
2020-08-26,56.68836975097656,25.762924194335938,57.529998779296875,26.219999313354492,57.63999938964844,26.829999923706055,57.290000915527344,25.969999313354492,57.630001068115234,26.829999923706055,1828000,4538600
2020-08-27,56.87559127807617,25.812053680419922,57.720001220703125,26.270000457763672,58.209999084472656,26.389999389648438,57.41999816894531,25.780000686645508,57.70000076293945,26.260000228881836,1480600,2031400
2020-08-28,56.215389251708984,25.920133590698242,57.04999923706055,26.3799991607666,57.779998779296875,26.610000610351562,56.91999816894531,26.1200008392334,57.75,26.389999389648438,1815000,3207100
2020-08-31,55.23987579345703,25.271638870239258,56.060001373291016,25.719999313354492,57.029998779296875,26.450000762939453,56.04999923706055,25.6200008392334,57.0099983215332,26.440000534057617,1684300,4877100
2020-09-01,54.924556732177734,25.645015716552734,55.7400016784668,26.100000381469727,56.119998931884766,26.280000686645508,55.540000915527344,25.299999237060547,56.060001373291016,25.530000686645508,2150400,4017100
2020-09-02,56.215389251708984,25.468154907226562,57.04999923706055,25.920000076293945,57.5099983215332,26.34000015258789,55.93000030517578,25.809999465942383,55.959999084472656,25.959999084472656,2614600,5705500
2020-09-03,55.54533767700195,25.301116943359375,56.369998931884766,25.75,57.33000183105469,26.75,56.25,25.719999313354492,57.099998474121094,25.799999237060547,2498200,4032200
2020-09-04,55.023094177246094,25.26181411743164,55.84000015258789,25.709999084472656,56.97999954223633,25.950000762939453,55.70000076293945,25.100000381469727,56.4900016784668,25.889999389648438,1896700,10719200
2020-09-08,55.624168395996094,23.21807289123535,56.45000076293945,23.6299991607666,56.83000183105469,25.559999465942383,55.7400016784668,23.559999465942383,55.97999954223633,25.170000076293945,8050100,12108200
2020-09-09,56.15626907348633,23.827266693115234,56.9900016784668,24.25,57.16999816894531,24.350000381469727,56.13999938964844,23.670000076293945,57.0,23.959999084472656,7422100,9988800
2020-09-10,55.693145751953125,23.424413681030273,56.52000045776367,23.84000015258789,57.0099983215332,24.489999771118164,56.31999969482422,23.6200008392334,57.0,24.25,4548500,9475300
2020-09-11,56.106998443603516,23.21807289123535,56.939998626708984,23.6299991607666,57.20000076293945,24.260000228881836,56.38999938964844,23.510000228881836,56.560001373291016,23.84000015258789,3572300,6592400
2020-09-14,55.75,23.365459442138672,55.75,23.780000686645508,56.470001220703125,23.84000015258789,55.75,23.170000076293945,56.36000061035156,23.719999313354492,4770900,7017800
2020-09-15,56.41999816894531,23.149293899536133,56.41999816894531,23.559999465942383,56.75,24.450000762939453,55.90999984741211,23.479999542236328,56.0,24.010000228881836,4446800,10049000
2020-09-16,55.75,23.954998016357422,55.75,24.3799991607666,56.97999954223633,24.799999237060547,55.75,23.479999542236328,56.65999984741211,23.790000915527344,4628200,8998100
2020-09-17,56.060001373291016,23.56999969482422,56.060001373291016,23.56999969482422,56.20000076293945,23.850000381469727,55.52000045776367,23.270000457763672,55.650001525878906,23.700000762939453,3222600,8385300
2020-09-18,55.5,23.15999984741211,55.5,23.15999984741211,56.290000915527344,23.6299991607666,55.380001068115234,23.1200008392334,56.279998779296875,23.579999923706055,11475000,15565700
2020-09-21,54.869998931884766,22.09000015258789,54.869998931884766,22.09000015258789,55.189998626708984,22.729999542236328,54.41999816894531,21.729999542236328,55.16999816894531,22.649999618530273,6726100,20170100
2020-09-22,55.77000045776367,22.600000381469727,55.77000045776367,22.600000381469727,55.97999954223633,22.8700008392334,54.97999954223633,22.18000030517578,55.150001525878906,22.18000030517578,2644600,13246200
2020-09-23,54.939998626708984,21.940000534057617,54.939998626708984,21.940000534057617,56.0,23.059999465942383,54.939998626708984,21.90999984741211,55.779998779296875,22.739999771118164,1355000,11432500
2020-09-24,55.04999923706055,22.020000457763672,55.04999923706055,22.020000457763672,55.08000183105469,22.399999618530273,54.63999938964844,21.440000534057617,54.790000915527344,21.530000686645508,1224300,3436700
2020-09-25,55.45000076293945,21.6299991607666,55.45000076293945,21.6299991607666,55.4900016784668,22.030000686645508,54.689998626708984,21.469999313354492,55.0,21.790000915527344,1979300,5560900
2020-09-28,56.06999969482422,22.3799991607666,56.06999969482422,22.3799991607666,56.16999816894531,22.530000686645508,55.66999816894531,22.049999237060547,55.66999816894531,22.059999465942383,4461400,5578200
2020-09-29,55.77000045776367,21.5,55.77000045776367,21.5,56.060001373291016,22.25,55.4900016784668,21.25,55.90999984741211,22.239999771118164,1333900,3426600
2020-09-30,55.220001220703125,21.34000015258789,55.220001220703125,21.34000015258789,55.869998931884766,21.850000381469727,55.13999938964844,21.290000915527344,55.7400016784668,21.6299991607666,2087000,5718000
2020-10-01,55.189998626708984,20.610000610351562,55.189998626708984,20.610000610351562,55.400001525878906,21.450000762939453,54.939998626708984,20.489999771118164,55.27000045776367,21.1200008392334,1731600,10092400
2020-10-02,55.45000076293945,20.799999237060547,55.45000076293945,20.799999237060547,55.459999084472656,21.170000076293945,54.72999954223633,19.770000457763672,54.72999954223633,19.8799991607666,1504000,6241000
2020-10-05,55.4900016784668,21.399999618530273,55.4900016784668,21.399999618530273,55.70000076293945,21.43000030517578,55.06999969482422,20.799999237060547,55.540000915527344,21.18000030517578,2542600,7287900
2020-10-06,55.25,21.639999389648438,55.25,21.639999389648438,55.58000183105469,22.200000762939453,55.04999923706055,21.219999313354492,55.5,21.799999237060547,2612500,7250500
2020-10-07,55.5,22.260000228881836,55.5,22.260000228881836,55.61000061035156,22.399999618530273,55.130001068115234,21.530000686645508,55.349998474121094,21.739999771118164,1167800,5661100
2020-10-08,55.79999923706055,23.729999542236328,55.79999923706055,23.729999542236328,55.939998626708984,23.989999771118164,55.380001068115234,22.389999389648438,55.380001068115234,22.5,2401700,5418600
2020-10-09,55.70000076293945,23.450000762939453,55.70000076293945,23.450000762939453,56.0,23.809999465942383,55.52000045776367,22.940000534057617,55.77000045776367,23.760000228881836,1981800,5191300
2020-10-13,56.540000915527344,23.43000030517578,56.540000915527344,23.43000030517578,56.709999084472656,23.780000686645508,55.79999923706055,23.31999969482422,55.810001373291016,23.350000381469727,2337700,7614700
2020-10-14,56.150001525878906,23.649999618530273,56.150001525878906,23.649999618530273,56.58000183105469,24.520000457763672,55.560001373291016,23.5,56.540000915527344,23.510000228881836,3081900,6494900
2020-10-15,56.68000030517578,23.709999084472656,56.68000030517578,23.709999084472656,56.77000045776367,23.93000030517578,55.720001220703125,22.959999084472656,55.75,23.260000228881836,2926500,6419400
2020-10-16,56.209999084472656,23.229999542236328,56.209999084472656,23.229999542236328,56.84000015258789,23.84000015258789,56.20000076293945,23.139999389648438,56.689998626708984,23.65999984741211,1031700,2853100
2020-10-19,55.209999084472656,22.969999313354492,55.209999084472656,22.969999313354492,56.38999938964844,23.549999237060547,55.130001068115234,22.93000030517578,56.38999938964844,23.280000686645508,2344800,4440100
2020-10-20,55.2599983215332,22.8799991607666,55.2599983215332,22.8799991607666,55.52000045776367,23.329999923706055,54.79999923706055,22.5,55.459999084472656,23.110000610351562,2741600,6928100
2020-10-21,55.0,22.25,55.0,22.25,55.349998474121094,22.899999618530273,54.939998626708984,22.229999542236328,55.18000030517578,22.790000915527344,1980100,2107700
2020-10-22,56.16999816894531,22.540000915527344,56.16999816894531,22.540000915527344,56.20000076293945,22.690000534057617,55.18000030517578,22.06999969482422,55.25,22.270000457763672,2006100,3293100
2020-10-23,56.20000076293945,22.43000030517578,56.20000076293945,22.43000030517578,56.47999954223633,22.770000457763672,55.900001525878906,22.09000015258789,56.220001220703125,22.760000228881836,890000,6171800
2020-10-26,55.31999969482422,21.510000228881836,55.31999969482422,21.510000228881836,55.9900016784668,22.1299991607666,55.15999984741211,21.399999618530273,55.9900016784668,22.09000015258789,1867800,3725300
2020-10-27,55.2400016784668,21.56999969482422,55.2400016784668,21.56999969482422,55.41999816894531,21.829999923706055,54.86000061035156,21.309999465942383,55.25,21.43000030517578,1463800,2632100
2020-10-28,53.93000030517578,20.979999542236328,53.93000030517578,20.979999542236328,55.09000015258789,21.489999771118164,53.880001068115234,20.790000915527344,54.95000076293945,20.899999618530273,1861300,2693800
2020-10-29,54.06999969482422,20.860000610351562,54.06999969482422,20.860000610351562,54.34000015258789,21.0,53.689998626708984,20.309999465942383,54.04999923706055,20.700000762939453,1131200,3667700
2020-10-30,53.540000915527344,21.200000762939453,53.540000915527344,21.200000762939453,53.900001525878906,21.25,53.189998626708984,20.540000915527344,53.88999938964844,20.899999618530273,1453700,3213300
2020-11-02,53.529998779296875,21.43000030517578,53.529998779296875,21.43000030517578,53.95000076293945,21.760000228881836,53.279998779296875,21.09000015258789,53.880001068115234,21.309999465942383,1153200,5329500
2020-11-03,53.709999084472656,21.950000762939453,53.709999084472656,21.950000762939453,54.2599983215332,22.260000228881836,53.54999923706055,21.670000076293945,53.63999938964844,21.760000228881836,925700,3379900
2020-11-04,54.38999938964844,22.209999084472656,54.38999938964844,22.209999084472656,54.83000183105469,22.360000610351562,53.720001220703125,21.479999542236328,54.25,22.010000228881836,2781100,5961600
2020-11-05,53.22999954223633,21.899999618530273,53.22999954223633,21.899999618530273,54.880001068115234,22.579999923706055,53.15999984741211,21.889999389648438,54.810001373291016,22.31999969482422,2917500,5637400
2020-11-06,52.93000030517578,21.360000610351562,52.93000030517578,21.360000610351562,53.61000061035156,22.1299991607666,52.52000045776367,21.31999969482422,53.439998626708984,21.899999618530273,3182300,2830300
2020-11-09,54.81999969482422,26.190000534057617,54.81999969482422,26.190000534057617,55.22999954223633,26.280000686645508,54.04999923706055,23.0,54.099998474121094,23.75,2943300,16261000
2020-11-10,55.7400016784668,27.149999618530273,55.7400016784668,27.149999618530273,56.0,27.190000534057617,55.0,25.799999237060547,55.04999923706055,26.170000076293945,2163300,8755300
2020-11-11,56.38999938964844,27.940000534057617,56.38999938964844,27.940000534057617,56.4900016784668,28.329999923706055,55.95000076293945,27.290000915527344,56.20000076293945,27.450000762939453,1946400,7958700
2020-11-12,56.29999923706055,26.110000610351562,56.29999923706055,26.110000610351562,56.599998474121094,27.600000381469727,56.0099983215332,25.8799991607666,56.04999923706055,27.5,1577100,8905300
2020-11-13,55.880001068115234,26.350000381469727,55.880001068115234,26.350000381469727,56.54999923706055,26.600000381469727,55.83000183105469,25.809999465942383,56.40999984741211,26.0,1447400,6653900
2020-11-16,56.380001068115234,27.469999313354492,56.380001068115234,27.469999313354492,56.52000045776367,27.799999237060547,55.97999954223633,26.75,56.5099983215332,27.799999237060547,5044500,10052100
2020-11-17,56.77000045776367,27.8700008392334,56.77000045776367,27.8700008392334,56.93000030517578,28.040000915527344,56.189998626708984,26.780000686645508,56.220001220703125,27.020000457763672,3435600,6140900
2020-11-18,56.650001525878906,28.40999984741211,56.650001525878906,28.40999984741211,57.15999984741211,28.829999923706055,56.25,27.989999771118164,56.869998931884766,28.06999969482422,1711000,4101200
2020-11-19,56.75,27.93000030517578,56.75,27.93000030517578,56.86000061035156,28.290000915527344,56.400001525878906,27.31999969482422,56.720001220703125,28.079999923706055,1694000,6633700
